{"991517803700027443":[{"title":"Afusic - Pal Pal (Official Music Video) Prod. @AliSoomroMusic","uri":"https:\u002F\u002Fwww.youtube.com\u002Fwatch?v=8of5w7RgcTc","author":"AFUSIC and AliSoomroMusic","length":148000,"thumbnail":"https:\u002F\u002Fimg.youtube.com\u002Fvi\u002F8of5w7RgcTc\u002Fhqdefault.jpg","likedAt":1765022336187},{"title":"Saiyaara Title Song | Ahaan Panday, Aneet Padda | Tanishk Bagchi, Faheem A, Arslan N | Irshad Kamil","uri":"https:\u002F\u002Fwww.youtube.com\u002Fwatch?v=BSJa1UytM8w","author":"YRF","length":248000,"thumbnail":"https:\u002F\u002Fimg.youtube.com\u002Fvi\u002FBSJa1UytM8w\u002Fhqdefault.jpg","likedAt":1765022353027}]}