{"webhookUrls":{"logs":"https:\u002F\u002Fdiscord.com\u002Fapi\u002Fwebhooks\u002F1446830667869589510\u002FC3Q4jb0ZtfX0RoDorZ-vH2PAD3dRieIkNTvo5LFct1N4WaKD5krE2kWs7_cY9SbtquZH","serveradd":"https:\u002F\u002Fdiscord.com\u002Fapi\u002Fwebhooks\u002F1446830672764473365\u002Ff2QMR7j42nXUTSSxUwSa_49WSM0AEReD6QacMhJqA6ODulAp0XzSHQbKbaCDQS1SioXt","serverchuda":"https:\u002F\u002Fdiscord.com\u002Fapi\u002Fwebhooks\u002F1446830676795068416\u002FoQj4zkZl0uUcCtTVlzjYt5GIAy5g9TaQFBbE623xF9smIlqRc2qxAAO3fWeB_oeT06mC","playerLogs":"https:\u002F\u002Fdiscord.com\u002Fapi\u002Fwebhooks\u002F1446830679982870549\u002FJZbuSukXiY8cbgITX3vY98rfaPl-ot43EjZbWZYrD9UA0_DmujV8aXbW9kxt8c1WbMvU","blLogs":"https:\u002F\u002Fdiscord.com\u002Fapi\u002Fwebhooks\u002F1446830684927823882\u002Fkh7VvkLk5-yy9t9v9ujOlWfBtboBW4d-YzjfJfdKv9GJg9VsVFzwjO_DcdqdN8dFycfd","database":"https:\u002F\u002Fdiscord.com\u002Fapi\u002Fwebhooks\u002F1446830689629507684\u002FCQn8brZ6e6e32E4glhCJ64K6N_BnGzT7m67uQteiDNgq_R-vrKSIH1y1EgPDIbvpk4aR"},"lastBackup":1765423097091}